XREF_ID,Date,program_name,Project_name
1,2023-11-01,1,OZ-b1
2,2023-11-02,2,sslc-b1
3,2023-11-03,3,DJ_halli-b1
4,2023-11-04,4,H&H Hilal
5,2023-11-05,5,sammer-camp b1
6,2023-11-06,6,BBMP PU-b1
7,2023-11-07,12,DJ_halli-b1
8,2023-11-08,1,DJ_halli-b2
9,2023-11-09,1,DJ_halli-b1
10,2023-11-10,3,DJ_halli-b2
11,2023-11-11,1,OZ-b1
12,2023-11-12,12,DJ_halli-b1
13,2023-11-13,6,DJ_halli-b1
14,2023-11-14,3,DJ_halli-b1
15,2023-11-15,1,OZ-b1
16,2023-11-16,12,DJ_halli-b1
17,2023-11-17,12,DJ_halli-b1
18,2023-11-18,1,OZ-b1
19,2023-11-19,4,H&H Hilal
,,,
,,,
,,,
,,,
,,,
,,,
,,,
,,,
,,,
,,,
,,,
,,,
,,,
,,,
,,,
,,,
,,,
,,,
,,,
,,,
,,,
,,,
,,,
,,,
,,,
,,,
,,,
,,,
,,,
,,,
,,,
,,,
,,,
,,,
,,,
,,,
,,,
,,,
,,,
,,,
,,,
,,,
,,,
,,,
,,,
,,,
,,,
,,,
,,,
,,,
,,,
,,,
,,,
,,,
,,,
,,,
,,,
,,,
,,,
,,,
,,,
,,,
,,,
,,,
,,,
